Emotion,Suddenness,Goal_relevance,Conduciveness,Power
Anxiety,0.26043,0.44566,0.05883,0.10646
Anxiety,0.07903,0.51182,0.02529,0.0489
Anxiety,0.07655,0.50587,0.05122,0.11768
Anxiety,0.0101,0.55082,0.07844,0.2691
Anxiety,0.01498,0.57065,0.02524,0.13153
Anxiety,0.13949,0.45684,0.02788,0.0192
Anxiety,0.1877,0.54027,0.08828,0.14654
Anxiety,0.02031,0.5777,0.02317,0.1907
Anxiety,0.02184,0.53001,0.02093,0.03957
Anxiety,0.08444,0.55012,0.07275,0.00335
Anxiety,0.0586,0.4297,0.00707,0.0314
Anxiety,0.05775,0.49947,0.06156,0.12242
Anxiety,0.01863,0.44072,0.01253,0.0874
Anxiety,0.01016,0.54025,0.0157,0.09517
Anxiety,0.01685,0.51385,0.07072,0.10668
Anxiety,0.04378,0.5302,0.001,0.04458
Anxiety,0.17715,0.43053,0.04071,0.08633
Anxiety,0.15464,0.52129,0.04176,0.01719
Anxiety,0.01787,0.52438,0.07254,0.13082
Anxiety,0.12598,0.40463,0.0106,0.00072
Anxiety,0.10423,0.41092,0.00127,0.18929
Anxiety,0.13095,0.40114,0.05199,0.15207
Anxiety,0.14638,0.54604,0.03928,0.01714
Anxiety,0.05283,0.41104,0.01091,0.17725
Anxiety,0.1429,0.47003,0.04292,0.16916
Anxiety,0.0035,0.63551,0.05056,0.2496
Anxiety,0.07238,0.51061,0.06702,0.01121
Anxiety,0.06397,0.46553,0.00216,0.03799
Anxiety,0.16034,0.42393,0.02078,0.0848
Anxiety,0.09074,0.46725,0.02425,0.17025
Anxiety,0.0265,0.58803,0.02436,0.01153
Anxiety,0.03337,0.63013,0.03911,0.02424
Anxiety,0.14233,0.55539,0.04812,0.11773
Anxiety,7e-05,0.48702,0.00483,0.04464
Anxiety,0.03403,0.5158,0.01884,0.13245
Anxiety,0.09277,0.50121,0.01978,0.17928
Anxiety,0.13737,0.45831,0.01636,0.05136
Anxiety,0.01055,0.43537,0.01271,0.11124
Anxiety,0.02169,0.50241,0.04143,0.09283
Anxiety,0.09144,0.43731,0.03503,0.03657
Anxiety,0.08567,0.45786,0.04991,0.13421
Anxiety,0.11668,0.47286,0.03685,0.00813
Anxiety,0.06587,0.58317,0.00634,0.15819
Anxiety,0.11125,0.561,0.03007,0.06921
Anxiety,0.04746,0.51175,0.0083,0.13406
Anxiety,0.03096,0.508,0.02159,0.10574
Anxiety,0.18784,0.4816,0.0175,0.00728
Anxiety,0.10277,0.53984,0.00674,0.13865
Anxiety,0.07474,0.39428,0.07843,0.05757
Anxiety,0.00025,0.45584,0.00922,0.31773
Anxiety,0.19218,0.61525,0.01225,0.06863
Anxiety,0.03736,0.50267,0.06537,0.16507
Anxiety,0.04964,0.4954,0.05119,0.11956
Anxiety,0.11634,0.54253,0.01126,0.11671
Anxiety,0.04388,0.4291,0.00717,0.0501
Anxiety,0.03106,0.53548,0.08319,0.00783
Anxiety,0.17627,0.56399,0.01193,0.08317
Anxiety,0.05492,0.46341,0.0277,0.05047
Anxiety,0.02546,0.54085,0.01714,0.04828
Anxiety,0.1509,0.45962,0.01548,0.11863
Anxiety,0.20502,0.51631,0.02316,0.24808
Anxiety,0.0387,0.44899,0.13926,0.06476
Anxiety,0.16952,0.56713,0.0248,0.11451
Anxiety,0.12528,0.52121,0.03036,0.02542
Anxiety,0.09582,0.51239,0.07514,0.12906
Anxiety,0.05601,0.56367,0.00995,0.07929
Anxiety,0.0219,0.6114,0.03419,0.01639
Anxiety,0.03297,0.50371,0.03859,0.0816
Anxiety,0.07955,0.47253,0.05245,0.12632
Anxiety,0.06334,0.47995,0.06128,0.10718
Anxiety,0.02472,0.47293,0.02769,0.14807
Anxiety,0.13041,0.52227,0.10176,0.01149
Anxiety,0.17206,0.57555,0.00437,0.04788
Anxiety,0.05648,0.49687,0.04134,0.00428
Anxiety,0.07454,0.60208,0.02899,0.09733
Anxiety,0.08513,0.42414,0.05692,0.00494
Anxiety,0.24236,0.44632,0.04229,0.17487
Anxiety,0.01793,0.49665,0.02822,0.01078
Anxiety,0.02193,0.4846,0.12346,0.05676
Anxiety,0.07181,0.39748,0.00775,0.00181
Anxiety,0.06108,0.53165,0.04657,0.07061
Anxiety,0.07499,0.52051,0.03727,0.08679
Anxiety,0.1219,0.48029,0.0821,0.00045
Anxiety,0.03714,0.44166,0.0208,0.02764
Anxiety,0.12314,0.47887,0.08811,0.0407
Anxiety,0.03999,0.44993,0.01762,0.08555
Anxiety,0.03452,0.4265,0.06544,0.13653
Anxiety,0.01026,0.55064,0.09035,0.07946
Anxiety,0.22493,0.5581,0.05785,0.08917
Anxiety,0.10477,0.44576,0.04004,0.04942
Anxiety,0.09806,0.46901,0.01423,0.15051
Anxiety,0.05252,0.48248,0.06911,0.03381
Anxiety,0.19159,0.56329,0.00194,0.10664
Anxiety,0.02017,0.46067,0.0418,0.1836
Anxiety,0.09518,0.51213,0.03104,0.06602
Anxiety,0.05251,0.329,0.0483,0.04216
Anxiety,0.05859,0.49938,0.03178,0.03033
Anxiety,0.10616,0.53317,0.03839,0.03483
Anxiety,0.01624,0.49134,0.0419,0.13742
Anxiety,0.12569,0.42204,0.06804,0.04144
Anxiety,0.06488,0.53109,0.0258,0.038
Anxiety,0.00785,0.56634,0.01655,0.02347
Anxiety,0.10087,0.47226,0.01705,0.1472
Anxiety,0.08487,0.50479,0.04474,0.03795
Anxiety,0.11031,0.42365,0.01111,0.04916
Anxiety,0.11755,0.48957,0.09165,0.13493
Anxiety,0.00465,0.52571,0.00733,0.0091
Anxiety,0.11332,0.44825,0.02088,0.062
Anxiety,0.12351,0.51239,0.01116,0.14684
Anxiety,0.01707,0.54075,0.07248,0.22237
Anxiety,0.09744,0.44244,0.05665,0.01041
Anxiety,0.00249,0.46694,0.06713,0.04801
Anxiety,0.02585,0.48665,0.00466,0.13936
Anxiety,0.11165,0.4978,0.07948,0.073
Anxiety,0.17334,0.5543,0.08127,0.13748
Anxiety,0.12163,0.37808,0.0542,0.07842
Anxiety,0.00102,0.47183,0.03385,0.10525
Anxiety,0.05972,0.4859,0.0518,0.06964
Anxiety,0.06628,0.47297,0.08759,0.00484
Anxiety,0.14107,0.44307,0.03046,0.05905
Anxiety,0.05319,0.49224,0.10722,0.03954
Anxiety,0.20002,0.55289,0.03851,0.00799
Anxiety,0.27619,0.45014,0.01021,0.02875
Anxiety,0.06177,0.62054,0.03245,0.00567
Anxiety,0.02482,0.53253,0.02079,0.08709
Anxiety,0.04681,0.42878,0.02875,0.02872
Anxiety,0.273,0.4828,0.00282,0.07178
Anxiety,0.02529,0.47779,0.07196,0.04691
Anxiety,0.08801,0.46794,0.03039,0.09758
Anxiety,0.08175,0.52238,0.04305,0.00702
Anxiety,0.06775,0.48815,0.0222,0.25274
Anxiety,0.0336,0.50021,0.00998,0.13543
Anxiety,0.06545,0.53743,0.03197,0.08497
Anxiety,0.04381,0.49961,0.043,0.00846
Anxiety,0.07487,0.52955,0.0028,0.10677
Anxiety,0.09534,0.45747,0.00285,0.01079
Anxiety,0.04163,0.48917,0.12114,0.05948
Anxiety,0.09946,0.52507,0.04992,0.00013
Anxiety,0.00692,0.62595,0.03103,0.05741
Anxiety,0.00918,0.49536,0.07436,0.00718
Anxiety,0.01794,0.55089,0.02228,0.09338
Anxiety,0.00691,0.53516,0.0659,0.04793
Anxiety,0.0513,0.47912,0.01574,0.00026
Anxiety,0.09903,0.47647,0.00166,0.03774
Anxiety,0.00263,0.51825,0.02548,0.13063
Anxiety,0.02046,0.53501,0.00113,0.13065
Anxiety,0.04028,0.47298,0.03991,0.07733
Anxiety,0.0097,0.58768,0.03965,0.00316
Anxiety,0.04604,0.44422,0.04717,0.03246
Anxiety,0.01107,0.42543,0.08646,0.16398
Anxiety,0.27757,0.49815,0.04695,0.03731
Anxiety,0.13017,0.43829,0.02625,0.11536
Anxiety,0.01349,0.46157,0.01108,0.04821
Anxiety,0.07217,0.57425,0.05356,0.04432
Anxiety,0.02635,0.47767,0.02598,0.10858
Anxiety,0.0523,0.44171,0.01359,0.00723
Anxiety,0.03081,0.53535,0.04734,0.12258
Anxiety,0.02536,0.48725,0.07893,0.03444
Anxiety,0.06682,0.49702,0.04112,0.04303
Anxiety,0.00824,0.53319,0.01379,0.0391
Anxiety,0.03736,0.51525,0.09806,0.03252
Anxiety,0.10889,0.48967,0.01288,0.01945
Anxiety,0.00759,0.48012,0.0297,0.13344
Anxiety,0.01618,0.44785,0.00752,0.05031
Anxiety,0.06548,0.53512,0.07947,0.09519
Anxiety,0.09807,0.51836,0.03435,0.10223
Anxiety,0.13973,0.50622,0.00579,0.03446
Anxiety,0.1445,0.41506,0.00735,0.10776
Anxiety,0.09294,0.45255,0.04657,0.02556
Anxiety,0.07211,0.5025,0.00619,0.05309
Anxiety,0.03495,0.60021,0.04002,0.03626
Anxiety,0.04482,0.48433,0.01658,0.0992
Anxiety,0.07323,0.39927,0.06274,0.06422
Anxiety,0.04056,0.50236,0.07084,0.11569
Anxiety,0.05418,0.40825,0.06578,0.17719
Anxiety,0.12497,0.60251,0.04127,0.24799
Anxiety,0.04865,0.51488,0.0811,0.23618
Anxiety,0.10004,0.55167,0.03924,0.11247
Anxiety,0.12327,0.53945,0.07968,0.10284
Anxiety,0.00012,0.5412,0.00024,0.10739
Anxiety,0.06528,0.44778,0.05641,0.1129
Anxiety,0.10455,0.49853,0.02982,0.15566
Anxiety,0.19373,0.51971,0.03195,0.00989
Anxiety,0.03753,0.46822,0.07535,0.09542
Anxiety,0.01538,0.49825,0.05318,0.04109
Anxiety,0.1043,0.51774,0.01795,0.10842
Anxiety,0.15851,0.56459,0.0867,0.11838
Anxiety,0.05566,0.55556,0.06859,0.055
Anxiety,0.01524,0.4658,0.02327,0.11255
Anxiety,0.00691,0.44496,0.04567,0.10837
Anxiety,0.19441,0.47831,0.03032,0.00076
Anxiety,0.13073,0.52671,0.04363,0.05006
Anxiety,0.04799,0.44423,0.04157,0.00076
Anxiety,0.22176,0.53589,0.02298,0.10218
Anxiety,0.11094,0.59363,0.02449,0.06764
Anxiety,0.07273,0.49228,0.00967,0.08493
Anxiety,0.1127,0.46365,0.04816,0.091
Anxiety,0.01619,0.44911,0.00758,0.04077
Anxiety,0.18161,0.48555,0.00344,0.02332
Anxiety,0.01011,0.48895,0.03681,0.16801
Anxiety,0.03718,0.47824,0.05942,0.08027
Anxiety,0.00422,0.4511,0.01099,0.05295
Anxiety,0.02568,0.44083,0.04667,0.12165
Anxiety,0.16073,0.55952,0.03686,0.36988
Anxiety,0.00927,0.50042,0.04954,0.06387
Anxiety,0.00375,0.54509,0.0324,0.07377
Anxiety,0.1938,0.49405,0.06614,0.02282
Anxiety,0.10105,0.45788,0.05736,0.02414
Anxiety,0.11842,0.57852,0.02576,0.04404
Anxiety,0.03573,0.48959,0.03392,0.08193
Anxiety,0.01304,0.57012,0.00679,0.04023
Anxiety,0.10618,0.56643,0.09908,0.09452
Anxiety,0.01099,0.52024,0.02665,0.02991
Anxiety,0.08752,0.4823,0.07268,0.00415
Anxiety,0.06225,0.46953,0.00493,0.04433
Anxiety,0.18753,0.47193,0.02985,0.01918
Anxiety,0.02459,0.51941,0.08964,0.07746
Anxiety,0.03703,0.40068,0.04665,5e-05
Anxiety,0.27743,0.44923,0.05594,0.02834
Anxiety,0.02485,0.5306,0.02252,0.04127
Anxiety,0.03996,0.5537,0.0584,0.03817
Anxiety,0.13499,0.50002,0.00064,0.09193
Anxiety,0.00017,0.44517,0.0031,0.11976
Anxiety,0.14291,0.57985,0.02465,0.07752
Anxiety,0.02552,0.46763,0.10948,0.15901
Anxiety,0.14222,0.61184,0.08036,0.1169
Anxiety,0.01006,0.53361,0.02772,0.00831
Anxiety,0.12186,0.45339,0.0729,0.05162
Anxiety,0.09292,0.47658,0.00511,0.14489
Anxiety,0.05548,0.49665,0.07363,0.03327
Anxiety,0.11806,0.53947,0.00307,0.07209
Anxiety,0.10166,0.44707,0.03305,0.21469
Anxiety,0.14514,0.47976,0.02711,0.07386
Anxiety,0.10535,0.54878,0.03208,0.22061
Anxiety,0.16909,0.52054,0.01087,0.07095
Anxiety,0.16641,0.50775,0.02633,0.13469
Anxiety,0.06146,0.5092,0.04846,0.26632
Anxiety,0.15709,0.55994,0.03485,0.12152
Anxiety,0.15933,0.54071,0.0886,0.01352
Anxiety,0.12615,0.46896,0.0306,0.00465
Anxiety,0.0924,0.48786,0.06408,0.04141
Anxiety,0.05199,0.46579,0.05471,0.0224
Anxiety,0.04308,0.50483,0.04953,0.13817
Anxiety,0.06047,0.40131,0.02091,0.16835
Anxiety,0.00745,0.43792,0.01636,0.05336
Anxiety,0.05857,0.57127,0.04658,0.01444
Anxiety,0.13794,0.52548,0.02171,0.2564
Anxiety,0.00371,0.55474,0.04407,0.06191
Anxiety,0.15093,0.53347,0.05709,0.09781
Anxiety,0.07091,0.51754,0.00533,0.07223
Anxiety,0.08019,0.42639,0.0344,0.00507
Anxiety,0.07575,0.46736,0.02308,0.11404
Anxiety,0.04495,0.45748,0.02902,0.00299
Anxiety,0.05332,0.54322,0.11237,0.0303
Anxiety,0.03688,0.46469,0.07592,0.06971
Anxiety,0.07677,0.43735,0.01095,0.08385
Anxiety,0.04537,0.53596,0.00513,0.02872
Anxiety,0.22229,0.58572,0.00167,0.17183
Anxiety,0.11129,0.46625,0.03222,0.11325
Anxiety,0.06632,0.51433,0.0772,0.03173
Anxiety,0.1142,0.49,0.04141,0.00831
Anxiety,0.04778,0.44104,0.04313,0.02241
Anxiety,0.07211,0.54913,0.0766,0.01845
Anxiety,0.25749,0.54155,0.02619,0.05007
Anxiety,0.10777,0.47743,0.02226,0.02949
Anxiety,0.03188,0.56523,0.02324,0.24698
Anxiety,0.0117,0.45232,0.04601,0.07788
Anxiety,0.06847,0.47014,0.01575,0.08453
Anxiety,0.10973,0.50136,0.04026,0.13934
Anxiety,0.15734,0.46676,0.06444,0.12025
Anxiety,0.02945,0.4696,0.02778,0.02025
Anxiety,0.15722,0.49954,0.09953,0.05939
Anxiety,0.21615,0.50039,0.0448,0.09806
Anxiety,0.1614,0.49688,0.05789,0.06098
Anxiety,0.01128,0.58665,0.06955,0.15324
Anxiety,0.01473,0.56422,0.03063,0.04215
Anxiety,0.05051,0.57655,0.00479,0.09914
Anxiety,0.05635,0.44663,0.04407,0.15925
Anxiety,0.04991,0.45339,0.00585,0.11439
Anxiety,0.17615,0.40487,0.01597,0.13416
Anxiety,0.01379,0.44515,0.01267,0.02833
Anxiety,0.10552,0.50873,0.00685,0.03448
Anxiety,0.02904,0.51319,0.03702,0.00068
Anxiety,0.14672,0.55525,0.00154,0.01254
Anxiety,0.09133,0.5411,0.15685,0.12428
Anxiety,0.07917,0.47098,0.02952,0.13355
Anxiety,0.14302,0.46303,0.00371,0.04993
Anxiety,0.05399,0.41705,0.01744,0.1056
Anxiety,0.13256,0.53755,0.05293,0.12352
Anxiety,0.03291,0.50706,0.03877,0.0713
Anxiety,0.08413,0.64071,0.01218,0.01288
Anxiety,0.05377,0.54762,0.01918,0.08747
Anxiety,0.25758,0.53516,0.03213,0.02443
Anxiety,0.1148,0.48784,0.00109,0.04707
Anxiety,0.19704,0.45777,0.01236,0.00729
Anxiety,0.05775,0.49423,0.02546,0.13073
Anxiety,0.05515,0.52203,0.0266,0.09694
Anxiety,0.04605,0.45372,0.03552,0.18373
Anxiety,0.11262,0.49812,0.08949,0.02419
Anxiety,0.0338,0.43001,0.02827,0.01129
Anxiety,0.00393,0.48154,0.01833,0.00936
Anxiety,0.1236,0.52365,0.01549,0.1697
Anxiety,0.10914,0.47058,0.015,0.10566
Anxiety,0.17247,0.43808,0.00412,0.06769
Anxiety,0.06715,0.53148,0.03729,0.03708
Anxiety,0.11162,0.55581,0.05357,0.15778
Anxiety,0.01564,0.52655,0.01149,0.14016
Anxiety,0.08539,0.49406,0.00208,0.03255
Anxiety,0.00223,0.52588,0.03308,0.0632
Anxiety,0.07942,0.49188,0.00324,0.09487
Anxiety,0.19959,0.47538,0.00094,0.05767
Anxiety,0.05265,0.49819,0.05151,0.10444
Anxiety,0.06763,0.48307,0.04717,0.04454
Anxiety,0.04081,0.58699,0.06703,0.13129
Anxiety,0.11416,0.54337,0.0513,0.10789
Anxiety,0.10453,0.5425,0.00023,0.06616
Anxiety,0.06599,0.51901,0.07169,0.08541
Anxiety,0.07776,0.49162,0.0524,0.08015
Anxiety,0.02448,0.57533,0.12104,0.11001
Anxiety,0.13618,0.43899,0.04833,0.029
Anxiety,0.0562,0.51526,0.04419,0.05775
Anxiety,0.20413,0.54039,0.01426,0.03643
Anxiety,0.11404,0.45154,0.01931,0.11406
Anxiety,0.28225,0.52046,0.00037,0.10305
Anxiety,0.03454,0.50828,0.00064,0.10788
Anxiety,0.09676,0.56459,0.04247,0.10011
Anxiety,0.101,0.44472,0.09001,0.0261
Anxiety,0.18037,0.51035,0.00225,0.03355
Anxiety,0.09875,0.44071,0.02076,0.00357
Anxiety,0.03491,0.49835,0.06131,0.08079
Anxiety,0.02151,0.57368,0.01381,0.19613
Anxiety,0.00756,0.51597,0.01907,0.04453
Anxiety,0.00059,0.48247,0.04103,0.15888
Anxiety,0.06818,0.56497,0.01918,0.11092
Anxiety,0.04925,0.50687,0.05664,0.04177
Anxiety,0.18152,0.40499,0.12996,0.04406
Anxiety,0.14841,0.49344,0.0341,0.07022
Anxiety,0.03413,0.56025,0.00844,0.16154
Anxiety,0.01227,0.55538,0.01754,0.02779
Anxiety,0.02602,0.49077,0.06505,0.25316
Anxiety,0.01965,0.53274,0.0566,0.02026
Anxiety,0.18934,0.4115,0.08689,0.08988
Anxiety,0.09691,0.46397,0.00715,0.0513
Anxiety,0.24823,0.47493,0.0587,0.07836
Anxiety,0.01627,0.50873,0.04765,0.01626
Anxiety,0.11094,0.55088,0.04631,0.00138
Anxiety,0.05132,0.49455,0.00432,0.13879
Anxiety,0.10774,0.5363,0.10834,0.10048
Anxiety,0.03928,0.44997,0.0406,0.19157
Anxiety,0.00234,0.50049,0.03756,0.0195
Anxiety,0.02344,0.50055,0.11436,0.07479
Anxiety,0.00341,0.50146,0.11174,0.13178
Anxiety,0.10481,0.47857,0.02105,0.13756
Anxiety,0.06102,0.45945,0.01621,0.03725
Anxiety,0.09186,0.43715,0.06441,0.15472
Anxiety,0.05824,0.56092,0.0181,0.06361
Anxiety,0.01979,0.56572,0.03289,0.02123
Anxiety,0.08265,0.54245,0.08892,0.04239
Anxiety,0.03019,0.45577,0.0393,0.01046
Anxiety,0.04241,0.63438,0.10812,0.00072
Anxiety,0.00417,0.40878,0.09318,0.0257
Anxiety,0.09307,0.57547,0.03169,0.08038
Anxiety,0.00796,0.49978,0.01419,0.10913
Anxiety,0.06497,0.52538,0.05035,0.07735
Anxiety,0.01368,0.39186,0.00549,0.01724
Anxiety,0.22668,0.51154,0.03176,0.01911
Anxiety,0.03918,0.53581,0.09425,0.136
Anxiety,0.04695,0.52013,0.04034,0.00474
Anxiety,0.02856,0.46991,0.04893,0.04755
Anxiety,0.01209,0.40996,0.03296,0.24221
Anxiety,0.01831,0.52884,0.00331,0.09333
Anxiety,0.00879,0.4517,0.06469,0.01215
Anxiety,0.11422,0.53567,0.0554,0.05383
Anxiety,0.03886,0.48347,0.09088,0.04554
Anxiety,0.2281,0.51469,0.05635,0.10072
Anxiety,0.02256,0.52689,0.10617,0.0752
Anxiety,0.02007,0.6037,0.04655,0.08214
Anxiety,0.15762,0.57905,0.00235,0.07634
Anxiety,0.13777,0.54056,0.05733,0.12542
Anxiety,0.09233,0.56249,0.02391,0.05089
Anxiety,0.02457,0.55557,0.06695,0.14411
Anxiety,0.07009,0.50949,0.00166,0.10128
Anxiety,0.16681,0.47195,0.01068,0.1099
Anxiety,0.0864,0.53723,0.00564,0.00526
Anxiety,0.09172,0.54507,0.00262,0.03431
Anxiety,0.09985,0.56867,0.02151,0.08764
Anxiety,0.04,0.57028,0.00288,0.04061
Anxiety,0.01073,0.4257,0.02148,0.18222
Anxiety,0.16815,0.53417,0.03701,0.07646
Anxiety,0.03347,0.48563,0.02747,0.10698
Anxiety,0.00244,0.4188,0.00444,0.07416
Anxiety,0.00716,0.46359,0.00247,0.1224
Anxiety,0.17268,0.47516,0.00774,0.03544
Anxiety,0.09563,0.47856,0.06793,0.09223
Anxiety,0.14528,0.43248,0.06445,0.04173
Anxiety,0.01533,0.4689,0.02429,0.04206
Anxiety,0.04726,0.51291,0.0645,0.14385
Anxiety,0.07975,0.42838,0.12241,0.09666
Anxiety,0.09219,0.54864,0.00693,0.06476
Anxiety,0.13466,0.50685,0.00055,0.05449
Despair,0.95686,0.98419,0.02478,0.01059
Despair,0.97108,0.93361,0.10454,0.0265
Despair,0.93073,0.99737,0.01767,0.09387
Despair,0.98428,0.94023,0.0375,0.01049
Despair,0.93925,0.89191,0.00396,0.06829
Despair,0.836,0.88826,0.01885,0.0519
Despair,0.986,0.90821,0.01905,0.02184
Despair,0.996,0.99001,0.07607,0.01692
Despair,0.97952,0.96675,0.01013,0.00403
Despair,0.99622,0.97207,0.07487,0.07861
Despair,0.87443,0.99184,0.00991,0.01827
Despair,0.84062,0.95714,0.02083,0.03517
Despair,0.93429,0.94971,0.01939,0.03777
Despair,0.8446,0.9554,0.06566,0.06215
Despair,0.97127,0.90564,0.01258,0.00792
Despair,0.93288,0.99619,0.05111,0.02125
Despair,0.84045,0.92762,0.04408,0.09391
Despair,0.92642,0.94457,0.06611,0.01143
Despair,0.9373,0.8753,0.01486,0.02402
Despair,0.91795,0.99438,0.00953,0.02738
Despair,0.92184,0.8266,0.0353,0.07969
Despair,0.92955,0.95586,0.07898,0.00106
Despair,0.99973,0.91069,0.08285,0.01194
Despair,0.88714,0.90482,0.00869,0.05875
Despair,0.83828,0.96306,0.005,0.0291
Despair,0.91405,0.91194,0.0294,0.00706
Despair,0.9618,0.80132,0.00759,0.04144
Despair,0.90982,0.8727,0.00418,0.07953
Despair,0.93575,0.82979,0.02629,0.0651
Despair,0.96036,0.88969,0.02918,0.0467
Despair,0.99837,0.93039,0.04749,0.03036
Despair,0.88197,0.91218,0.04723,0.01319
Despair,0.96928,0.96322,0.11129,0.02309
Despair,0.87422,0.96764,0.06701,0.08841
Despair,0.93395,0.90667,0.00246,0.03189
Despair,0.9638,0.94941,0.00252,0.01775
Despair,0.94477,0.85811,0.0104,0.06006
Despair,0.99108,0.95416,0.11693,0.0126
Despair,0.95485,0.93681,0.00219,0.0952
Despair,0.97971,0.94437,0.04313,0.02381
Despair,0.81689,0.95755,0.01038,0.00094
Despair,0.93462,0.9851,0.00723,0.0078
Despair,0.86532,0.94404,0.00836,0.0443
Despair,0.93458,0.94634,0.00622,0.0357
Despair,0.95028,0.99169,0.00462,0.06674
Despair,0.92842,0.98505,0.02876,0.07998
Despair,0.81306,0.95297,0.04181,0.03627
Despair,0.89301,0.9958,0.02675,0.0216
Despair,0.87561,0.84895,0.00286,0.05195
Despair,0.84591,0.95225,0.06335,0.07705
Despair,0.99365,0.80231,0.08004,0.04612
Despair,0.92872,0.99451,0.0402,0.08095
Despair,0.98815,0.96534,0.05049,0.01707
Despair,0.99426,0.98129,0.01577,0.00614
Despair,0.89601,0.97526,0.0065,0.04068
Despair,0.94216,0.90068,0.0567,0.10015
Despair,0.99666,0.92095,0.07528,0.03567
Despair,0.98675,0.86413,0.10166,0.05502
Despair,0.91832,0.96532,0.01875,0.03881
Despair,0.93508,0.95397,0.07876,0.03767
Despair,0.97598,0.94458,0.0599,0.01471
Despair,0.88389,0.92336,0.01438,0.08022
Despair,0.95547,0.98699,0.01995,0.0113
Despair,0.94416,0.94911,0.07396,0.00716
Despair,0.98463,0.91325,0.11057,0.01973
Despair,0.99038,0.91128,0.0575,0.0207
Despair,0.96847,0.9272,0.08645,0.00489
Despair,0.90727,0.94497,0.12383,0.02368
Despair,0.87974,0.93163,0.06775,0.04875
Despair,0.94369,0.87008,0.02386,0.03865
Despair,0.92899,0.99726,0.04859,0.06684
Despair,0.96607,0.82234,0.00693,0.03775
Despair,0.8428,0.87029,0.02662,0.04067
Despair,0.82916,0.97667,0.03315,0.02289
Despair,0.98059,0.91676,0.07128,0.04821
Despair,0.92562,0.91295,0.04941,0.08421
Despair,0.97002,0.85436,0.06606,0.10717
Despair,0.99789,0.90751,0.02358,0.11781
Despair,0.75189,0.98815,0.0615,0.01799
Despair,0.89543,0.94249,0.06252,0.00166
Despair,0.99666,0.97405,0.07116,0.03439
Despair,0.96093,0.98782,0.02152,0.05044
Despair,0.91642,0.98235,0.00406,0.05143
Despair,0.97552,0.92454,0.00193,0.06997
Despair,0.89983,0.8003,0.00737,0.06677
Despair,0.94352,0.97861,0.02992,0.06003
Despair,0.7238,0.84618,0.00287,0.02027
Despair,0.98284,0.94194,0.03328,0.00352
Despair,0.85849,0.88775,0.0753,0.11321
Despair,0.78441,0.9627,0.00659,0.04161
Despair,0.95388,0.98714,0.0563,0.04348
Despair,0.97915,0.88853,0.03997,0.0721
Despair,0.95655,0.81036,0.06802,0.05758
Despair,0.90827,0.98155,0.06271,0.07897
Despair,0.97096,0.87953,0.03486,0.00679
Despair,0.95638,0.73986,0.01129,0.04042
Despair,0.98302,0.94405,0.01257,0.06134
Despair,0.99551,0.89986,0.0102,0.07951
Despair,0.97321,0.92125,0.063,0.01076
Despair,0.99349,0.98629,0.03546,0.00595
Despair,0.93958,0.82913,0.03866,0.05408
Despair,0.81301,0.94347,0.01464,0.03172
Despair,0.95154,0.85139,0.05484,0.00185
Despair,0.88623,0.91624,0.01265,0.12298
Despair,0.91832,0.96279,0.01898,0.00159
Despair,0.92978,0.83438,0.10775,0.09917
Despair,0.83401,0.93727,0.01263,0.00121
Despair,0.82318,0.97295,0.03965,0.05803
Despair,0.97385,0.93814,0.05183,0.02039
Despair,0.94435,0.92885,0.06662,0.01124
Despair,0.98685,0.99109,0.01544,0.04772
Despair,0.9224,0.95085,0.07561,0.05665
Despair,0.91602,0.97482,0.00476,0.04993
Despair,0.99634,0.86387,0.00263,0.0526
Despair,0.92847,0.91134,0.08469,0.0369
Despair,0.79808,0.97589,0.07627,0.00932
Despair,0.92741,0.99051,0.04657,0.00907
Despair,0.97462,0.98086,0.02736,0.11765
Despair,0.9863,0.86079,0.05153,0.05085
Despair,0.92634,0.94395,0.02269,0.00612
Despair,0.98536,0.93999,0.05234,0.01691
Despair,0.91351,0.98214,0.05634,0.00284
Despair,0.96862,0.87056,0.04115,0.01575
Despair,0.96903,0.80054,0.03388,0.0187
Despair,0.88473,0.99776,0.1411,0.0699
Despair,0.97206,0.856,0.00239,0.06307
Despair,0.88376,0.96106,0.03136,0.01673
Despair,0.98884,0.97766,0.08679,0.00678
Despair,0.95435,0.94386,0.07756,0.00183
Despair,0.89003,0.80884,0.02325,0.01135
Despair,0.86705,0.90915,0.02983,0.01099
Despair,0.84197,0.93726,0.00518,0.03339
Despair,0.83894,0.96643,0.03855,0.0474
Despair,0.9148,0.95937,0.03762,0.00963
Despair,0.96582,0.99194,0.00888,0.00359
Despair,0.96095,0.89655,0.03586,0.06703
Despair,0.83684,0.9886,0.04153,0.04063
Despair,0.94302,0.9944,0.00119,0.00994
Despair,0.99108,0.91535,0.09933,0.02118
Despair,0.99472,0.92259,0.08207,0.06075
Despair,0.98863,0.96027,0.01414,0.04751
Despair,0.93637,0.9959,0.01875,0.09805
Despair,0.8932,0.9398,0.02545,0.0522
Despair,0.98372,0.99431,0.01614,0.00752
Despair,0.88475,0.93756,0.03137,0.00108
Despair,0.81574,0.92388,0.02988,0.02648
Despair,0.82283,0.91603,0.03001,0.05865
Despair,0.90231,0.98692,0.00584,0.01978
Despair,0.91725,0.97861,0.04957,0.01895
Despair,0.94287,0.85051,0.04625,0.01601
Despair,0.98846,0.96619,0.05254,0.05709
Despair,0.91603,0.95282,0.00333,0.01379
Despair,0.94732,0.94783,0.00666,0.00884
Despair,0.9579,0.7815,0.023,0.0111
Despair,0.91059,0.91513,0.08954,0.03884
Despair,0.96353,0.92887,0.05177,0.00226
Despair,0.94115,0.95913,0.06714,0.02391
Despair,0.78684,0.93009,0.08774,0.00672
Despair,0.96573,0.99596,0.08912,0.09132
Despair,0.92214,0.8533,0.05612,0.02696
Despair,0.78844,0.91587,0.01528,0.01493
Despair,0.92457,0.99837,0.09064,0.02693
Despair,0.92186,0.88462,0.09843,0.00153
Despair,0.94929,0.86712,0.07637,0.0526
Despair,0.93762,0.92863,0.01357,0.05093
Despair,0.89915,0.83918,0.01777,0.01297
Despair,0.84028,0.89436,0.07988,0.05128
Despair,0.88829,0.9863,0.06031,0.03524
Despair,0.95567,0.98702,0.04719,0.08003
Despair,0.77827,0.90504,0.04623,0.03714
Despair,0.96939,0.99901,0.03698,0.00023
Despair,0.87006,0.97399,0.02107,0.00047
Despair,0.96514,0.94285,0.04987,0.0407
Despair,0.9,0.88019,0.13601,0.05468
Despair,0.92275,0.96708,0.06032,0.0028
Despair,0.9671,0.79408,0.01563,0.01136
Despair,0.82126,0.99973,0.07796,0.06686
Despair,0.9117,0.98366,0.05384,0.03794
Despair,0.91685,0.94575,0.06832,0.0788
Despair,0.90334,0.96775,0.02117,0.03983
Despair,0.94647,0.94588,0.02353,0.02532
Despair,0.93897,0.84964,0.09133,0.05936
Despair,0.98022,0.84903,0.04286,0.02981
Despair,0.94223,0.99174,0.06331,0.02569
Despair,0.89242,0.75716,0.0054,0.01847
Despair,0.9995,0.99344,0.02537,0.03493
Despair,0.85262,0.98813,0.02619,0.03118
Despair,0.89542,0.86367,0.01049,0.02067
Despair,0.85977,0.83598,0.04789,0.04467
Despair,0.77547,0.96311,0.06854,0.08405
Despair,0.95173,0.88143,0.06089,0.01957
Despair,0.97273,0.8736,0.03629,0.07544
Despair,0.94439,0.97794,0.0295,0.01372
Despair,0.89808,0.97733,0.0474,0.08734
Despair,0.88508,0.87007,0.07177,0.03263
Despair,0.9788,0.95455,0.03459,0.02075
Despair,0.80847,0.94611,0.01679,0.00405
Despair,0.9665,0.96689,0.04413,0.01385
Despair,0.94821,0.92849,0.0041,0.03344
Despair,0.92323,0.9006,0.04475,0.11035
Despair,0.88699,0.99485,0.01968,0.03748
Despair,0.95541,0.996,0.09321,0.00985
Despair,0.95877,0.88214,0.0158,0.09613
Despair,0.91709,0.91928,0.05337,0.04159
Despair,0.89798,0.9472,0.05422,0.11047
Despair,0.84577,0.92147,0.00066,0.12491
Despair,0.83176,0.9397,0.01928,0.05003
Despair,0.98406,0.95798,0.04686,0.00512
Despair,0.79488,0.92236,0.03827,0.03123
Despair,0.91738,0.93541,0.0325,0.04474
Despair,0.90808,0.90019,0.03586,0.04735
Despair,0.90147,0.99852,0.03033,0.02081
Despair,0.76473,0.84503,0.00332,0.05726
Despair,0.96968,0.85149,0.01563,0.04438
Despair,0.98497,0.94856,0.03675,0.02034
Despair,0.98663,0.94836,0.03668,0.02085
Despair,0.97513,0.82784,0.00153,0.00399
Despair,0.95888,0.97329,0.04442,0.04342
Despair,0.91449,0.90659,0.02774,0.01427
Despair,0.98042,0.94362,0.03851,0.00976
Despair,0.99323,0.95195,0.03792,0.05225
Despair,0.97882,0.98857,0.05566,0.0337
Despair,0.8582,0.9817,0.0373,0.11532
Despair,0.92957,0.8397,0.05601,0.00424
Despair,0.96268,0.90063,0.01241,0.0229
Despair,0.99849,0.95751,0.03095,0.01622
Despair,0.99921,0.9843,0.02851,0.01368
Despair,0.94805,0.92459,0.00748,0.03784
Despair,0.99697,0.92317,0.00775,0.01694
Despair,0.89932,0.9868,0.02881,0.00353
Despair,0.97574,0.98059,0.0157,0.01896
Despair,0.92276,0.93869,0.11216,0.0
Despair,0.81235,0.7774,0.06684,0.02612
Despair,0.97741,0.90263,0.03907,0.05518
Despair,0.90679,0.9428,0.06772,0.05094
Despair,0.92824,0.78332,0.04582,0.01349
Despair,0.93357,0.90031,0.0037,0.00426
Despair,0.95136,0.9836,0.02818,0.05152
Despair,0.91307,0.88244,0.07985,0.01733
Despair,0.99161,0.97476,0.0236,0.02713
Despair,0.9571,0.95775,0.04096,0.0167
Despair,0.84684,0.98517,0.06068,0.03052
Despair,0.66572,0.99277,0.01478,0.01226
Despair,0.91399,0.99145,0.10408,0.02912
Despair,0.96831,0.93664,0.06535,0.06119
Despair,0.86408,0.95695,0.04625,0.08448
Despair,0.9535,0.94452,0.00572,0.02081
Despair,0.88594,0.91372,0.06106,0.0118
Despair,0.98711,0.9408,0.03197,0.04362
Despair,0.95013,0.94589,0.01159,0.05058
Despair,0.94743,0.92418,0.01111,0.04625
Despair,0.99764,0.94947,0.04242,0.05068
Despair,0.86678,0.9264,0.01569,0.02397
Despair,0.93572,0.99616,0.02885,0.01183
Despair,0.91598,0.95583,0.04487,0.06438
Despair,0.94561,0.91555,0.04669,0.0265
Despair,0.99202,0.73211,0.0127,0.03725
Despair,0.77083,0.8488,0.05059,0.00606
Despair,0.98305,0.94332,0.0947,0.07578
Despair,0.96271,0.99979,0.01992,0.01817
Despair,0.99559,0.99115,0.02864,0.00436
Despair,0.83184,0.94819,0.00722,0.06017
Despair,0.95656,0.9338,0.01866,0.01126
Despair,0.80627,0.88547,0.01792,0.04961
Despair,0.95612,0.82505,0.00521,0.0722
Despair,0.92418,0.97813,0.01516,0.03054
Despair,0.94296,0.94305,0.03469,0.03667
Despair,0.94158,0.99391,0.03642,0.01632
Despair,0.93842,0.91282,0.02828,0.10637
Despair,0.95366,0.98851,0.01087,0.06062
Despair,0.8965,0.87217,0.03805,0.02795
Despair,0.99664,0.89295,0.0458,0.06085
Despair,0.8867,0.91623,0.05175,0.10988
Despair,0.90533,0.95854,0.02086,0.03381
Despair,0.77243,0.92122,0.01086,0.05867
Despair,0.97071,0.90983,0.01403,0.01853
Despair,0.89518,0.96057,0.05976,0.02075
Despair,0.98809,0.80167,0.04665,0.04905
Despair,0.74125,0.86336,0.05022,0.03176
Despair,0.99604,0.88502,0.02171,0.03744
Despair,0.99797,0.98259,0.03322,0.01971
Despair,0.89311,0.85928,0.01852,0.02394
Despair,0.91777,0.83459,0.03635,0.03314
Despair,0.92443,0.85632,0.02745,0.03786
Despair,0.9435,0.96497,0.01414,0.0756
Despair,0.95808,0.95275,0.0344,0.00485
Despair,0.9298,0.94891,0.01854,0.03294
Despair,0.894,0.86241,0.08948,0.01997
Despair,0.97635,0.96899,0.05499,0.00035
Despair,0.80381,0.9796,0.00657,0.0268
Despair,0.97684,0.97967,0.03463,0.03944
Despair,0.93023,0.8827,0.02388,0.06275
Despair,0.9425,0.99741,0.00572,0.03525
Despair,0.94188,0.95281,0.02102,0.08612
Despair,0.84687,0.91301,0.12621,0.06428
Despair,0.99383,0.97104,0.04127,0.05333
Despair,0.96012,0.99499,0.07326,0.05345
Despair,0.90132,0.96687,0.07877,0.00897
Despair,0.99907,0.9363,0.03573,0.02869
Despair,0.88897,0.90842,0.00379,0.0305
Despair,0.88901,0.94286,0.10085,0.02415
Despair,0.98559,0.85168,0.0434,0.00812
Despair,0.99312,0.83312,0.03586,0.16003
Despair,0.83616,0.93153,0.0833,0.06498
Despair,0.98233,0.9787,0.0816,0.04662
Despair,0.8734,0.92899,0.00475,0.0159
Despair,0.88259,0.95932,0.01411,0.01713
Despair,0.75371,0.92194,0.03453,0.0312
Despair,0.79914,0.92937,0.05732,0.04542
Despair,0.90445,0.74658,0.02956,0.02279
Despair,0.89728,0.94925,0.07882,0.02219
Despair,0.95622,0.97471,0.02409,0.08227
Despair,0.76191,0.97364,0.0054,0.05164
Despair,0.6503,0.8671,0.0248,0.06729
Despair,0.89272,0.99165,0.03948,0.00087
Despair,0.85451,0.82037,0.01292,0.07261
Despair,0.90565,0.99808,0.02608,0.04421
Despair,0.83257,0.88779,0.01413,0.05029
Despair,0.88978,0.90594,0.02997,0.092
Despair,0.98014,0.98819,0.0197,0.03516
Despair,0.97986,0.96332,0.0331,0.07508
Despair,0.93171,0.85147,0.02435,0.06732
Despair,0.92046,0.67163,0.00724,0.03896
Despair,0.9671,0.93028,0.09763,0.01282
Despair,0.89071,0.82027,0.07227,0.01172
Despair,0.94917,0.98981,0.0334,0.03798
Despair,0.88963,0.81779,0.01929,0.02171
Despair,0.78693,0.97168,0.0332,0.00426
Despair,0.99368,0.84279,0.06038,0.08481
Despair,0.85672,0.92994,0.07475,0.03887
Despair,0.94042,0.89092,0.00987,0.08971
Despair,0.84598,0.96995,0.05466,0.07745
Despair,0.8579,0.81987,0.01012,0.03486
Despair,0.8588,0.85418,0.00772,0.0062
Despair,0.91914,0.92968,0.01598,0.02224
Despair,0.89713,0.89018,0.01251,0.00449
Despair,0.91436,0.91928,0.01332,0.09621
Despair,0.9717,0.8993,0.09535,0.04627
Despair,0.94164,0.82493,0.01411,0.08531
Despair,0.9716,0.82466,0.03788,0.09413
Despair,0.96361,0.96972,0.09515,0.13445
Despair,0.99013,0.95972,0.06066,0.08482
Despair,0.93372,0.99612,0.01506,0.07398
Despair,0.78609,0.9364,0.01508,0.0094
Despair,0.87191,0.87722,0.05511,0.07094
Despair,0.97202,0.95472,0.03702,0.03636
Despair,0.98553,0.95755,0.02741,0.05354
Despair,0.8593,0.97212,0.15293,0.0332
Despair,0.9369,0.92452,0.02954,0.02674
Despair,0.95221,0.82077,0.0132,0.0314
Despair,0.91565,0.88026,0.02827,0.06292
Despair,0.98746,0.99677,0.08235,0.00981
Despair,0.91204,0.85962,0.02068,0.05464
Despair,0.87777,0.91612,0.01547,0.03194
Despair,0.97715,0.84785,0.01868,0.03241
Despair,0.99615,0.85421,0.01721,0.08655
Despair,0.91339,0.99889,0.02331,0.01363
Despair,0.93491,0.8299,0.02284,0.05732
Despair,0.87896,0.94456,0.04889,0.0516
Despair,0.99961,0.98631,0.01506,0.02376
Despair,0.79812,0.9592,0.02865,0.01724
Despair,0.80005,0.83063,0.00247,0.00833
Despair,0.92039,0.83624,0.02236,0.05865
Despair,0.91379,0.84894,0.03391,0.04251
Despair,0.91396,0.9095,0.04523,0.05165
Despair,0.9826,0.90449,0.04362,0.07728
Despair,0.95748,0.96241,0.0459,0.03389
Despair,0.98152,0.86316,0.09373,0.06669
Despair,0.90968,0.98496,0.09157,0.06094
Despair,0.96741,0.90079,0.00698,0.00568
Despair,0.9961,0.9572,0.00938,0.03609
Despair,0.83601,0.93514,0.02914,0.08368
Despair,0.885,0.97203,0.04657,0.00169
Despair,0.92822,0.91179,0.00428,0.06279
Despair,0.79473,0.98095,0.05454,0.05094
Despair,0.85855,0.88275,0.08553,0.08309
Despair,0.85492,0.82214,0.03936,0.03427
Despair,0.92156,0.88079,0.10311,0.04499
Despair,0.83804,0.8397,0.04126,0.03186
Despair,0.98324,0.82518,0.0419,0.02606
Despair,0.97439,0.94378,0.09024,0.01682
Despair,0.97153,0.85769,0.09141,0.04162
Despair,0.95501,0.8961,0.0083,0.00445
Despair,0.98515,0.99041,0.05781,0.00999
Despair,0.89537,0.99266,0.14009,0.01275
Despair,0.96228,0.90491,0.04229,0.06069
Despair,0.97385,0.99711,0.05542,0.10186
Despair,0.75047,0.88498,0.07186,0.05589
Despair,0.92055,0.90568,0.04207,0.01353
Despair,0.89092,0.98647,0.03122,0.01799
Despair,0.93871,0.98069,0.03082,0.07029
Despair,0.83128,0.98018,0.02327,0.02312
Despair,0.99527,0.94071,0.06463,0.00279
Despair,0.98607,0.93829,0.00177,0.04016
Despair,0.96876,0.9775,0.04471,0.11019
Despair,0.97934,0.90041,0.05142,0.14765
Despair,0.86063,0.85226,0.03974,0.00029
Despair,0.97297,0.99628,0.01186,0.0173
Despair,0.8199,0.97736,0.03094,0.00813
Despair,0.94366,0.95591,0.00418,0.09781
Irritation,0.15347,0.47283,0.06654,0.49373
Irritation,0.00377,0.47052,0.03843,0.50971
Irritation,0.07889,0.49914,0.06146,0.53467
Irritation,0.04121,0.45135,0.10927,0.52031
Irritation,0.11252,0.42605,0.06757,0.47353
Irritation,0.093,0.52396,0.15617,0.51977
Irritation,0.11878,0.46781,0.04087,0.53168
Irritation,0.03076,0.44011,0.08764,0.47531
Irritation,0.01988,0.55651,0.0012,0.49577
Irritation,0.03341,0.53553,0.00397,0.46386
Irritation,0.05833,0.4608,0.00933,0.50392
Irritation,0.02508,0.45175,0.06249,0.54103
Irritation,0.03908,0.49942,0.02176,0.48121
Irritation,0.16165,0.48131,0.09161,0.60373
Irritation,0.06338,0.43185,0.02909,0.52064
Irritation,0.04556,0.58365,0.00805,0.43526
Irritation,0.15212,0.48169,0.12719,0.51098
Irritation,0.033,0.52219,0.01448,0.51594
Irritation,0.03713,0.60678,0.00254,0.46959
Irritation,0.16165,0.619,0.01358,0.52264
Irritation,0.0528,0.46829,0.04019,0.53905
Irritation,0.04939,0.48419,0.00596,0.56058
Irritation,0.0491,0.52229,0.02539,0.52659
Irritation,0.01586,0.52494,0.02509,0.47224
Irritation,0.02391,0.44657,0.04013,0.49927
Irritation,0.10498,0.51559,0.02305,0.44347
Irritation,0.07239,0.4866,0.00839,0.57036
Irritation,0.01175,0.3694,0.06793,0.45974
Irritation,0.14539,0.52947,0.00601,0.45979
Irritation,0.09388,0.5299,0.02444,0.61227
Irritation,0.07772,0.58407,0.02472,0.55128
Irritation,0.12112,0.52678,0.01983,0.43494
Irritation,0.07938,0.48311,0.00882,0.4211
Irritation,0.06173,0.55664,0.01203,0.49025
Irritation,0.08117,0.49592,0.07004,0.50414
Irritation,0.05927,0.51814,0.00135,0.50762
Irritation,0.0118,0.45202,0.01336,0.56793
Irritation,0.02758,0.51085,0.0415,0.46206
Irritation,0.14517,0.52232,0.07286,0.43508
Irritation,0.05593,0.60008,0.05039,0.5221
Irritation,0.08504,0.50352,0.10631,0.47277
Irritation,0.01979,0.46021,0.07271,0.55925
Irritation,0.00906,0.50227,0.02697,0.55033
Irritation,0.16398,0.55998,0.00945,0.46453
Irritation,0.00171,0.56829,0.03187,0.50032
Irritation,0.15283,0.46427,0.05643,0.58805
Irritation,0.08956,0.57142,0.02957,0.46407
Irritation,0.06068,0.51377,0.01385,0.36738
Irritation,0.09472,0.44895,0.07494,0.35224
Irritation,0.02954,0.4947,0.02646,0.58273
Irritation,0.2364,0.46177,0.04251,0.51815
Irritation,0.17341,0.58664,9e-05,0.49496
Irritation,0.00814,0.45995,0.07108,0.47516
Irritation,0.12255,0.42717,0.04631,0.49023
Irritation,0.05976,0.47207,0.0217,0.55681
Irritation,0.05697,0.47884,0.05328,0.54247
Irritation,0.06297,0.50128,0.02245,0.54957
Irritation,0.06618,0.52168,0.08246,0.42354
Irritation,0.07974,0.5247,0.05258,0.42447
Irritation,0.0951,0.57841,0.02602,0.52454
Irritation,0.05485,0.55002,0.01162,0.42829
Irritation,0.01208,0.56855,0.02164,0.53244
Irritation,0.01627,0.5066,0.04212,0.52146
Irritation,0.00823,0.51755,0.0236,0.49777
Irritation,0.04752,0.56276,0.04124,0.40704
Irritation,0.05422,0.57964,0.06024,0.60205
Irritation,0.06983,0.575,0.03833,0.49225
Irritation,0.06393,0.58845,0.01985,0.60414
Irritation,0.10545,0.5746,0.02359,0.47038
Irritation,0.04233,0.49215,0.03458,0.47884
Irritation,0.14907,0.48781,0.03751,0.59141
Irritation,0.1493,0.51247,0.0442,0.5004
Irritation,0.06497,0.43545,0.00091,0.52375
Irritation,0.1191,0.51603,0.00445,0.49721
Irritation,0.16435,0.54419,0.02352,0.50363
Irritation,0.06445,0.56352,0.0324,0.43497
Irritation,0.03406,0.57484,0.01023,0.51179
Irritation,0.02541,0.4748,0.06546,0.55929
Irritation,0.10957,0.43869,0.05196,0.55133
Irritation,0.11635,0.50167,0.06355,0.49155
Irritation,0.03959,0.43626,0.03091,0.4595
Irritation,0.04233,0.51463,0.03951,0.52432
Irritation,0.13289,0.43339,0.0499,0.6028
Irritation,0.04868,0.52084,0.02641,0.52517
Irritation,0.05736,0.49897,0.05241,0.4876
Irritation,0.07973,0.4578,0.0383,0.52418
Irritation,0.0334,0.43932,0.00922,0.39424
Irritation,0.02022,0.49003,0.07497,0.48466
Irritation,0.19738,0.47475,0.00272,0.44064
Irritation,0.05735,0.48309,0.03837,0.55289
Irritation,0.04808,0.59537,0.04993,0.45879
Irritation,0.17204,0.47491,0.0254,0.499
Irritation,0.17604,0.47808,0.09227,0.49966
Irritation,0.0329,0.51344,0.01166,0.49128
Irritation,0.21566,0.48947,0.01667,0.51024
Irritation,0.05352,0.58127,0.0185,0.47214
Irritation,0.00598,0.55084,0.00683,0.51957
Irritation,0.04332,0.47632,0.03555,0.60224
Irritation,0.11615,0.54683,0.02803,0.56564
Irritation,0.29723,0.48316,0.00864,0.50362
Irritation,0.06169,0.59599,0.03045,0.56867
Irritation,0.01947,0.48117,0.02106,0.42144
Irritation,0.07655,0.52587,0.06834,0.50232
Irritation,0.09078,0.4279,0.03574,0.46119
Irritation,0.16989,0.44967,0.01536,0.49657
Irritation,0.08566,0.42421,0.00196,0.50086
Irritation,0.00667,0.5093,0.02046,0.56412
Irritation,0.06945,0.56117,0.11601,0.57747
Irritation,0.0804,0.48576,0.02588,0.43351
Irritation,0.19295,0.46424,0.0043,0.56466
Irritation,0.12964,0.54087,0.04711,0.52004
Irritation,0.08088,0.5053,0.01042,0.51609
Irritation,0.12327,0.49676,0.0618,0.53588
Irritation,0.05928,0.49904,0.01621,0.44982
Irritation,0.07632,0.52441,0.0036,0.50505
Irritation,0.03354,0.53742,0.08371,0.55531
Irritation,0.02348,0.49709,0.15963,0.54466
Irritation,0.00693,0.52595,0.0497,0.52006
Irritation,0.24825,0.43325,0.05288,0.62014
Irritation,0.03845,0.47295,0.09477,0.49144
Irritation,0.05454,0.50177,0.05659,0.45194
Irritation,0.02945,0.46966,0.0701,0.53042
Irritation,0.03201,0.55282,0.01652,0.43172
Irritation,0.01341,0.51242,0.02028,0.53216
Irritation,0.10157,0.49776,0.02022,0.51763
Irritation,0.16122,0.483,0.0,0.55236
Irritation,0.05131,0.40466,0.02619,0.49824
Irritation,0.0125,0.49805,0.00812,0.46194
Irritation,0.01557,0.53183,0.07175,0.51142
Irritation,0.13135,0.69632,0.07672,0.42213
Irritation,0.15823,0.56417,0.06514,0.51481
Irritation,0.09076,0.46133,0.02169,0.53283
Irritation,0.17084,0.46133,0.00927,0.57208
Irritation,0.06348,0.42293,0.00997,0.44404
Irritation,0.06787,0.46163,0.03963,0.40652
Irritation,0.04627,0.49966,0.02101,0.56157
Irritation,0.10196,0.54032,0.04868,0.49097
Irritation,0.04126,0.5277,0.00379,0.50292
Irritation,0.05998,0.52976,0.01694,0.60749
Irritation,0.04764,0.5108,0.06728,0.42085
Irritation,0.01604,0.52007,0.111,0.47836
Irritation,0.13528,0.44501,0.02982,0.51778
Irritation,0.173,0.48439,0.01622,0.49039
Irritation,0.06639,0.42265,0.0288,0.50307
Irritation,0.13077,0.48641,0.01877,0.48738
Irritation,0.34009,0.45333,0.04197,0.40889
Irritation,0.01107,0.45667,0.03166,0.50409
Irritation,0.00829,0.4421,0.04983,0.54129
Irritation,0.14148,0.51729,0.01032,0.43131
Irritation,0.01396,0.41572,0.00733,0.45573
Irritation,0.02831,0.52751,0.05279,0.50219
Irritation,0.07571,0.54086,0.0595,0.52125
Irritation,0.00285,0.47978,0.02633,0.48344
Irritation,0.07238,0.44262,0.03631,0.54967
Irritation,0.20702,0.45522,0.04915,0.44783
Irritation,0.09852,0.48546,0.04369,0.4269
Irritation,0.06098,0.43575,0.04028,0.53185
Irritation,0.00963,0.54734,0.01014,0.41152
Irritation,0.0756,0.50924,0.06154,0.54073
Irritation,0.10868,0.44465,0.01923,0.6211
Irritation,0.12323,0.48708,0.05238,0.54143
Irritation,0.11684,0.56876,0.02583,0.46486
Irritation,0.06788,0.48007,0.0557,0.48901
Irritation,0.0162,0.57765,0.00339,0.51046
Irritation,0.08256,0.51495,0.00974,0.52312
Irritation,0.22359,0.47974,0.05801,0.52683
Irritation,0.07437,0.45722,0.07896,0.53603
Irritation,0.11376,0.46054,0.0154,0.49266
Irritation,0.0313,0.51145,0.01012,0.52351
Irritation,0.12504,0.43139,0.0225,0.52476
Irritation,0.13512,0.5036,0.03969,0.46651
Irritation,0.13268,0.497,0.0369,0.57113
Irritation,0.05151,0.47372,0.05455,0.57084
Irritation,0.06325,0.56305,0.00875,0.43213
Irritation,0.08537,0.43924,0.05915,0.53241
Irritation,0.01791,0.4716,0.04483,0.55465
Irritation,0.12495,0.46261,0.06255,0.44026
Irritation,0.11524,0.48941,0.01009,0.46238
Irritation,0.0593,0.46782,0.04663,0.51566
Irritation,0.16007,0.54185,0.03176,0.48748
Irritation,0.05382,0.48759,0.01994,0.50786
Irritation,0.15438,0.54085,0.04495,0.50144
Irritation,0.04876,0.4297,0.0483,0.46523
Irritation,0.18542,0.51385,0.01122,0.5259
Irritation,0.04458,0.5646,0.03461,0.4289
Irritation,0.03558,0.51752,0.02754,0.52958
Irritation,0.12855,0.53687,0.00996,0.57948
Irritation,0.09451,0.41946,0.0306,0.55447
Irritation,0.06185,0.49617,0.11649,0.42672
Irritation,0.03873,0.46608,0.01009,0.49131
Irritation,0.149,0.50599,0.0045,0.52516
Irritation,0.07863,0.53286,0.01544,0.545
Irritation,0.00932,0.54258,0.0182,0.45211
Irritation,0.01947,0.45273,0.08897,0.50103
Irritation,0.02056,0.58435,0.05005,0.52187
Irritation,0.04722,0.5794,0.01745,0.49092
Irritation,0.07566,0.48739,0.07188,0.46178
Irritation,0.12058,0.36201,0.02607,0.48674
Irritation,0.15997,0.53164,0.0157,0.50038
Irritation,0.02607,0.42132,0.00402,0.46802
Irritation,0.1251,0.50059,0.05811,0.52769
Irritation,0.08122,0.53274,0.0458,0.51865
Irritation,0.01841,0.48243,0.04536,0.48778
Irritation,0.0826,0.57543,0.06487,0.48089
Irritation,0.24663,0.44043,0.04143,0.51603
Irritation,0.08772,0.45264,0.00428,0.47423
Irritation,0.00788,0.53442,0.01466,0.43566
Irritation,0.00256,0.56165,0.03849,0.52513
Irritation,0.0725,0.43825,0.00858,0.61656
Irritation,0.071,0.48663,0.03856,0.51497
Irritation,0.16797,0.54463,0.0405,0.53494
Irritation,0.08353,0.51882,0.10154,0.44698
Irritation,0.01799,0.46708,0.07168,0.42007
Irritation,0.04333,0.43445,0.07614,0.43897
Irritation,0.12274,0.48743,0.06641,0.50154
Irritation,0.13654,0.49668,0.08243,0.49243
Irritation,0.04685,0.47924,0.04066,0.50015
Irritation,0.14987,0.59204,0.00906,0.57398
Irritation,0.09072,0.53582,0.0966,0.53803
Irritation,0.08593,0.44238,0.03679,0.54294
Irritation,0.14613,0.55453,0.05475,0.47027
Irritation,0.02771,0.5052,0.06785,0.54281
Irritation,0.09583,0.49236,0.07797,0.4465
Irritation,0.03015,0.46986,0.04674,0.51905
Irritation,0.14148,0.57447,0.1538,0.51768
Irritation,0.01998,0.43647,0.03009,0.50905
Irritation,0.04523,0.52553,0.03906,0.51857
Irritation,0.06282,0.55185,0.0196,0.46847
Irritation,0.06146,0.49274,0.02469,0.49607
Irritation,0.02025,0.57236,0.02299,0.52165
Irritation,0.05257,0.52561,0.11547,0.52092
Irritation,0.00302,0.41574,0.09747,0.5208
Irritation,0.00538,0.48386,0.01629,0.53147
Irritation,0.05454,0.57683,0.01026,0.54342
Irritation,0.07703,0.43375,0.00511,0.42915
Irritation,0.15228,0.52138,0.01357,0.55648
Irritation,0.12891,0.45103,0.07214,0.48483
Irritation,0.08524,0.46352,0.00824,0.40405
Irritation,0.20222,0.58112,0.00788,0.47458
Irritation,0.04836,0.4799,0.07213,0.41431
Irritation,0.03392,0.52189,0.04569,0.49344
Irritation,0.09053,0.49329,0.00843,0.43109
Irritation,0.04207,0.58228,0.09859,0.5484
Irritation,0.08836,0.56751,0.05734,0.4254
Irritation,0.06881,0.52798,0.03488,0.52138
Irritation,0.03964,0.41337,0.07178,0.55691
Irritation,0.05702,0.57033,0.00601,0.48305
Irritation,0.06509,0.43431,0.04036,0.45157
Irritation,0.0298,0.57146,0.01657,0.49718
Irritation,0.04685,0.47432,0.05321,0.48992
Irritation,0.16191,0.50937,0.06409,0.47573
Irritation,0.09998,0.44321,0.08158,0.4937
Irritation,0.05747,0.48627,0.03274,0.54257
Irritation,0.08511,0.48763,0.00071,0.45722
Irritation,0.19981,0.50754,0.00094,0.58988
Irritation,0.06317,0.51383,0.06013,0.50693
Irritation,0.01003,0.52072,0.04045,0.52072
Irritation,0.09718,0.51859,0.04085,0.46013
Irritation,0.00394,0.5064,0.04861,0.4917
Irritation,0.07079,0.51513,0.01617,0.47454
Irritation,0.18045,0.49945,0.03262,0.41657
Irritation,0.09234,0.48576,0.00694,0.54091
Irritation,0.22238,0.42075,0.0543,0.47163
Irritation,0.15655,0.49177,0.02465,0.57101
Irritation,0.04209,0.50113,0.06786,0.61714
Irritation,0.03725,0.59672,0.04919,0.41746
Irritation,0.08883,0.53304,0.00054,0.48492
Irritation,0.09703,0.45712,0.07239,0.50925
Irritation,0.06718,0.49616,0.00044,0.5263
Irritation,0.15823,0.5418,0.03569,0.49677
Irritation,0.03916,0.44443,0.02281,0.51751
Irritation,0.10663,0.48034,0.06071,0.46105
Irritation,0.03583,0.47797,0.12953,0.50435
Irritation,0.01767,0.57003,0.02045,0.46095
Irritation,0.03311,0.42475,0.00332,0.4505
Irritation,0.1133,0.45868,0.05022,0.4684
Irritation,0.07146,0.61623,0.0513,0.56335
Irritation,0.173,0.46442,0.01106,0.55215
Irritation,0.12648,0.46244,0.02986,0.54469
Irritation,0.01313,0.54713,0.07138,0.52943
Irritation,0.07066,0.48913,0.05178,0.44867
Irritation,0.00668,0.45271,0.01198,0.47873
Irritation,0.03278,0.52737,0.09589,0.5052
Irritation,0.23332,0.4678,0.02745,0.57558
Irritation,0.13574,0.56088,0.14433,0.49433
Irritation,0.0755,0.58326,0.06953,0.41476
Irritation,0.15687,0.49936,0.02787,0.4921
Irritation,0.15204,0.60259,0.08167,0.45082
Irritation,0.14522,0.35112,0.04522,0.51602
Irritation,0.04815,0.48662,0.11857,0.49883
Irritation,0.02139,0.4882,0.02614,0.44906
Irritation,0.03743,0.45971,0.0271,0.49499
Irritation,0.12156,0.52279,0.00562,0.54315
Irritation,0.16362,0.50922,0.02338,0.49317
Irritation,0.06486,0.54311,0.06293,0.49921
Irritation,0.03713,0.51183,0.0443,0.44404
Irritation,0.08912,0.49602,0.07087,0.46333
Irritation,0.05216,0.46211,0.0981,0.54961
Irritation,0.02217,0.50877,0.09456,0.53618
Irritation,0.1359,0.51275,0.03572,0.49493
Irritation,0.10388,0.43448,0.0118,0.56096
Irritation,0.07581,0.4281,0.05725,0.44708
Irritation,0.02952,0.59023,0.04586,0.47636
Irritation,0.03878,0.52611,0.01473,0.55018
Irritation,0.11494,0.56468,0.04369,0.44667
Irritation,0.02431,0.47835,0.01095,0.43388
Irritation,0.01548,0.38495,0.12049,0.50865
Irritation,0.02535,0.52879,0.0442,0.47434
Irritation,0.1571,0.47761,0.05768,0.56567
Irritation,0.11509,0.5111,0.02674,0.50238
Irritation,0.02408,0.47207,0.01232,0.45981
Irritation,0.17629,0.44983,0.03417,0.54436
Irritation,0.01354,0.54201,0.02805,0.42846
Irritation,0.01833,0.46778,0.03043,0.5801
Irritation,0.156,0.47163,0.04916,0.47592
Irritation,0.02239,0.47187,0.08692,0.43044
Irritation,0.15057,0.44843,0.06126,0.49282
Irritation,0.19384,0.51834,0.02595,0.4613
Irritation,0.04355,0.51281,0.03294,0.56755
Irritation,0.08698,0.50036,0.0153,0.4799
Irritation,0.01829,0.52003,0.01041,0.56908
Irritation,0.02567,0.5389,0.08162,0.46389
Irritation,0.09271,0.52746,0.02654,0.45417
Irritation,0.11244,0.40701,0.02367,0.58556
Irritation,0.00968,0.52128,0.00741,0.55735
Irritation,0.18049,0.4551,0.04793,0.5716
Irritation,0.16592,0.52542,0.0692,0.53658
Irritation,0.00062,0.42909,0.08168,0.49071
Irritation,0.04761,0.50635,0.08792,0.60044
Irritation,0.05566,0.49449,0.04034,0.4858
Irritation,0.14288,0.49232,0.06882,0.46309
Irritation,0.09062,0.59551,0.01544,0.44551
Irritation,0.1524,0.45476,0.09222,0.59833
Irritation,0.00979,0.45975,0.04733,0.51602
Irritation,0.11907,0.52537,0.09051,0.51856
Irritation,0.01715,0.57594,0.01214,0.48647
Irritation,0.14102,0.47344,0.02585,0.52509
Irritation,0.08617,0.51323,0.02379,0.51546
Irritation,0.03557,0.4259,0.0395,0.50105
Irritation,0.07477,0.53751,0.02292,0.47983
Irritation,0.03275,0.49446,0.05635,0.55017
Irritation,0.18014,0.39244,0.02203,0.50318
Irritation,0.21774,0.45317,0.03026,0.52071
Irritation,0.10421,0.5298,0.03639,0.55276
Irritation,0.17204,0.58662,0.04373,0.43699
Irritation,0.02658,0.37354,0.0382,0.42817
Irritation,0.07405,0.44668,0.01386,0.55451
Irritation,0.03596,0.55978,0.02222,0.50615
Irritation,0.03421,0.44547,0.02988,0.45003
Irritation,0.07987,0.46466,0.04149,0.42453
Irritation,0.04333,0.5412,0.06324,0.47648
Irritation,0.04253,0.52805,0.0856,0.51361
Irritation,0.05214,0.54115,0.04672,0.54345
Irritation,0.0349,0.40086,0.00892,0.52297
Irritation,0.03471,0.45945,0.01468,0.52575
Irritation,0.0155,0.48791,0.01676,0.47862
Irritation,0.06899,0.54497,0.05572,0.50072
Irritation,0.08135,0.51137,0.04369,0.54952
Irritation,0.05679,0.56355,0.05303,0.54027
Irritation,0.01608,0.52337,0.06438,0.55607
Irritation,0.0017,0.51848,0.00742,0.46466
Irritation,0.06196,0.41217,0.05853,0.41893
Irritation,0.00615,0.46443,0.092,0.45166
Irritation,0.10235,0.52684,0.06692,0.4993
Irritation,0.06214,0.46811,0.15839,0.54601
Irritation,0.08144,0.46384,0.01527,0.50613
Irritation,0.13377,0.4665,0.10497,0.49752
Irritation,0.05178,0.54963,0.05232,0.49212
Irritation,0.15967,0.43961,0.04797,0.5406
Irritation,0.04561,0.43749,0.01439,0.50223
Irritation,0.08639,0.44064,0.00472,0.47721
Irritation,0.02654,0.49491,0.0699,0.53244
Irritation,0.10051,0.50673,0.13221,0.5513
Irritation,0.03222,0.51808,0.03132,0.56752
Irritation,0.01862,0.51577,0.07715,0.48906
Irritation,0.04113,0.43811,0.00655,0.49147
Irritation,0.1239,0.55741,0.01131,0.48422
Irritation,0.12288,0.44119,0.01713,0.57292
Irritation,0.25266,0.5275,0.06914,0.41132
Irritation,0.00938,0.59728,0.02037,0.55858
Irritation,0.05208,0.43317,0.02465,0.55684
Irritation,0.18493,0.52107,0.00523,0.40359
Irritation,0.08225,0.53103,0.01565,0.60014
Irritation,0.09894,0.53433,0.00945,0.52224
Irritation,0.09219,0.51082,0.06145,0.42389
Irritation,0.11228,0.4788,0.13056,0.54917
Irritation,0.03896,0.4667,0.03844,0.44264
Irritation,0.0142,0.4561,0.09858,0.52959
Irritation,0.03064,0.50967,0.05699,0.51308
Irritation,0.05779,0.55409,0.02556,0.54436
Irritation,0.11753,0.55083,0.04223,0.45137
Irritation,0.07623,0.4548,0.0022,0.51346
Irritation,0.06358,0.63151,0.05805,0.45117
Irritation,0.0485,0.49211,0.02748,0.50332
Irritation,0.03919,0.49542,0.00963,0.44812
Irritation,0.1286,0.58267,0.01942,0.45411
Irritation,0.06433,0.55828,0.02457,0.49573
Irritation,0.08792,0.40058,0.01347,0.47443
Irritation,0.11317,0.51128,0.07821,0.52777
Irritation,0.02071,0.42691,0.04039,0.54034
Rage,0.93572,0.88182,0.04539,0.96287
Rage,0.89271,0.91196,0.07139,0.97013
Rage,0.89625,0.8684,0.03064,0.92873
Rage,0.97333,0.95372,0.09302,0.86291
Rage,0.94564,0.91302,0.03995,0.95609
Rage,0.97564,0.93984,0.07853,0.89138
Rage,0.82092,0.9244,0.0225,0.89899
Rage,0.91738,0.99143,0.05629,0.98438
Rage,0.83982,0.98658,0.04392,0.8364
Rage,0.86532,0.87652,0.06514,0.85291
Rage,0.94468,0.872,0.0125,0.90535
Rage,0.80353,0.89174,0.04997,0.84089
Rage,0.94831,0.85339,0.07758,0.93329
Rage,0.8596,0.94117,0.01837,0.90199
Rage,0.83009,0.97438,0.03186,0.94344
Rage,0.9737,0.9911,0.00801,0.96351
Rage,0.98661,0.90076,0.09623,0.81418
Rage,0.94811,0.89563,0.01764,0.97366
Rage,0.83894,0.82789,0.10062,0.81695
Rage,0.89407,0.95588,0.01385,0.72058
Rage,0.98323,0.75782,0.02879,0.79386
Rage,0.99511,0.99183,0.03887,0.93949
Rage,0.7657,0.98959,0.04859,0.97442
Rage,0.89715,0.94723,0.01446,0.98117
Rage,0.95036,0.98694,0.09545,0.85842
Rage,0.95218,0.97375,0.01413,0.98685
Rage,0.94037,0.98477,0.04272,0.92168
Rage,0.91544,0.97101,0.01096,0.8825
Rage,0.87892,0.85102,0.00183,0.94551
Rage,0.86582,0.93964,0.00547,0.95836
Rage,0.92975,0.98332,0.01134,0.99798
Rage,0.90614,0.84513,0.03193,0.89092
Rage,0.94648,0.98857,0.0241,0.89659
Rage,0.88598,0.88756,0.07114,0.98512
Rage,0.81062,0.94014,0.00119,0.89129
Rage,0.85775,0.91604,0.00181,0.96282
Rage,0.9889,0.88366,0.00242,0.89363
Rage,0.82577,0.85801,0.06878,0.90435
Rage,0.93802,0.88311,0.01033,0.93103
Rage,0.98058,0.89686,0.0326,0.98363
Rage,0.94513,0.99326,0.06958,0.91258
Rage,0.99901,0.86298,0.03596,0.74414
Rage,0.98073,0.92971,0.02995,0.99263
Rage,0.97424,0.97133,0.0241,0.90108
Rage,0.95678,0.96402,0.02559,0.8901
Rage,0.96571,0.92082,0.0537,0.98405
Rage,0.94197,0.84114,0.04355,0.73946
Rage,0.94302,0.99978,0.05438,0.92404
Rage,0.98606,0.9869,0.00491,0.84439
Rage,0.89861,0.99452,0.06908,0.81189
Rage,0.99536,0.86085,0.09809,0.97673
Rage,0.98098,0.88388,0.05414,0.99668
Rage,0.9177,0.97082,0.00033,0.82921
Rage,0.87654,0.92784,0.03132,0.92766
Rage,0.74509,0.87841,0.0271,0.93723
Rage,0.93483,0.99042,0.00876,0.96988
Rage,0.85344,0.94766,0.06686,0.97922
Rage,0.98019,0.92618,0.05854,0.99873
Rage,0.94677,0.96127,0.0332,0.96294
Rage,0.94982,0.98345,0.01178,0.9474
Rage,0.97402,0.97315,0.03704,0.98053
Rage,0.86845,0.9995,0.00799,0.93069
Rage,0.88426,0.95778,0.10958,0.97252
Rage,0.99311,0.7772,0.08142,0.93268
Rage,0.95738,0.92821,0.0294,0.95288
Rage,0.924,0.96117,0.0189,0.94209
Rage,0.94739,0.94188,0.01693,0.95463
Rage,0.83652,0.95229,0.04128,0.8591
Rage,0.75757,0.91147,0.01418,0.84529
Rage,0.87623,0.85016,0.07597,0.95493
Rage,0.89082,0.91514,0.09704,0.9525
Rage,0.889,0.95828,0.00083,0.80612
Rage,0.93661,0.92373,0.02213,0.87623
Rage,0.86587,0.83471,0.02536,0.92096
Rage,0.96337,0.90963,0.03117,0.85351
Rage,0.97276,0.91324,0.08788,0.76797
Rage,0.98256,0.96908,0.00655,0.94896
Rage,0.92427,0.97885,0.02587,0.96417
Rage,0.98559,0.90738,0.07705,0.82743
Rage,0.92625,0.88682,0.11677,0.80158
Rage,0.948,0.97937,0.00915,0.9507
Rage,0.93072,0.93369,0.01901,0.88387
Rage,0.86554,0.99279,0.05216,0.85562
Rage,0.81819,0.93544,0.02591,0.89136
Rage,0.84601,0.98299,0.09333,0.97713
Rage,0.90374,0.95415,0.07623,0.95785
Rage,0.88695,0.99587,0.05025,0.91294
Rage,0.94315,0.98688,0.06564,0.9995
Rage,0.98549,0.94679,0.011,0.94624
Rage,0.96694,0.98846,0.01832,0.94594
Rage,0.93305,0.98944,0.10274,0.91827
Rage,0.92679,0.97634,0.05467,0.97343
Rage,0.84782,0.98971,0.00666,0.88399
Rage,0.94222,0.96506,0.06728,0.9407
Rage,0.97922,0.92263,0.01337,0.93786
Rage,0.85746,0.94527,0.05365,0.97584
Rage,0.99507,0.91006,0.08393,0.98628
Rage,0.8751,0.89285,0.09176,0.91395
Rage,0.94041,0.99124,0.06297,0.97218
Rage,0.99342,0.97645,0.01052,0.89131
Rage,0.70563,0.95301,0.04409,0.90082
Rage,0.97374,0.91654,0.09546,0.98384
Rage,0.8914,0.88004,0.03905,0.92085
Rage,0.93267,0.95636,0.05042,0.77057
Rage,0.87923,0.81623,0.02742,0.97732
Rage,0.99754,0.93594,0.01107,0.9734
Rage,0.96353,0.91004,0.0593,0.9368
Rage,0.84637,0.86177,0.02088,0.93716
Rage,0.94903,0.98851,0.00655,0.88257
Rage,0.83877,0.94134,0.05205,0.93757
Rage,0.96927,0.93303,0.02532,0.92232
Rage,0.91748,0.96228,0.00747,0.88814
Rage,0.83201,0.93171,0.0707,0.93765
Rage,0.90319,0.96116,0.09469,0.88744
Rage,0.75644,0.86893,0.03719,0.85373
Rage,0.85246,0.97645,0.06625,0.74272
Rage,0.99931,0.9042,0.09112,0.86645
Rage,0.95644,0.9988,0.00431,0.93402
Rage,0.89877,0.99002,0.01302,0.88098
Rage,0.94186,0.99743,0.0502,0.88311
Rage,0.85146,0.99027,0.05059,0.88541
Rage,0.77211,0.87851,0.03304,0.90496
Rage,0.84968,0.81337,0.01208,0.80504
Rage,0.95921,0.8626,0.00341,0.86884
Rage,0.85839,0.97774,0.0566,0.84037
Rage,0.94976,0.91048,0.03428,0.98127
Rage,0.95299,0.90523,0.01101,0.85547
Rage,0.97305,0.93093,0.08252,0.85676
Rage,0.96791,0.97687,0.01226,0.93839
Rage,0.87154,0.97679,0.02946,0.88996
Rage,0.73943,0.98275,0.01235,0.81929
Rage,0.93682,0.97917,0.0376,0.79512
Rage,0.95789,0.90193,0.03508,0.98824
Rage,0.98479,0.99766,0.01307,0.89842
Rage,0.94861,0.87824,0.04163,0.92313
Rage,0.90495,0.9434,0.08464,0.8754
Rage,0.97888,0.95949,0.01651,0.96733
Rage,0.8142,0.93992,0.00746,0.98042
Rage,0.88628,0.96096,0.08205,0.97923
Rage,0.87385,0.90909,0.09139,0.99559
Rage,0.96323,0.9319,0.07375,0.86207
Rage,0.90678,0.93507,0.05728,0.96628
Rage,0.96091,0.76556,0.0394,0.90795
Rage,0.97172,0.88911,0.02193,0.89222
Rage,0.99455,0.99699,0.00248,0.91747
Rage,0.98105,0.95069,0.00919,0.91645
Rage,0.89221,0.9766,0.07329,0.94517
Rage,0.93325,0.87562,0.0433,0.99034
Rage,0.96702,0.97007,0.0339,0.96198
Rage,0.82853,0.92952,0.01003,0.93384
Rage,0.92869,0.85733,0.0348,0.89181
Rage,0.88928,0.83702,0.02669,0.84902
Rage,0.98223,0.89107,0.00995,0.99748
Rage,0.8433,0.95066,0.01717,0.9869
Rage,0.85953,0.88498,0.01156,0.97824
Rage,0.8469,0.99038,0.0488,0.96621
Rage,0.97251,0.97831,0.12104,0.8711
Rage,0.93756,0.9836,0.11349,0.99786
Rage,0.92876,0.99748,0.02712,0.91758
Rage,0.97435,0.90625,0.05892,0.90733
Rage,0.99945,0.94425,0.02117,0.94411
Rage,0.92017,0.83825,0.00432,0.94481
Rage,0.77982,0.99787,0.00709,0.8707
Rage,0.95427,0.93222,0.03621,0.92669
Rage,0.92186,0.97713,0.01965,0.97199
Rage,0.94273,0.94239,0.05045,0.93977
Rage,0.93342,0.97375,0.03273,0.95434
Rage,0.90727,0.98451,0.04651,0.82888
Rage,0.87483,0.9138,0.11028,0.86402
Rage,0.88169,0.99238,0.02888,0.85228
Rage,0.95004,0.98511,0.02741,0.82981
Rage,0.97557,0.91712,0.01274,0.98063
Rage,0.98567,0.83447,0.04036,0.89555
Rage,0.98564,0.82304,0.03789,0.89322
Rage,0.99734,0.96388,0.0127,0.93856
Rage,0.98048,0.8006,0.02936,0.97798
Rage,0.96659,0.84815,0.04314,0.99896
Rage,0.88268,0.9755,0.02699,0.92461
Rage,0.94208,0.88666,0.01917,0.9961
Rage,0.87437,0.83512,0.02163,0.92829
Rage,0.93439,0.93117,0.01493,0.99547
Rage,0.91734,0.96167,0.06775,0.96063
Rage,0.78804,0.8363,0.04181,0.91523
Rage,0.87157,0.93266,0.00527,0.86727
Rage,0.90733,0.98914,0.06025,0.8851
Rage,0.92904,0.99671,0.05571,0.86339
Rage,0.9489,0.9852,0.03029,0.90229
Rage,0.79806,0.98819,0.01508,0.92038
Rage,0.99852,0.93102,0.08209,0.94529
Rage,0.97665,0.91755,0.05031,0.82052
Rage,0.99612,0.94543,0.07885,0.85146
Rage,0.90707,0.90137,0.07488,0.88766
Rage,0.9994,0.7872,0.03365,0.95647
Rage,0.95692,0.90324,0.03456,0.98528
Rage,0.98074,0.96966,0.00472,0.8939
Rage,0.98885,0.96213,0.04644,0.99243
Rage,0.8421,0.93765,0.02299,0.78884
Rage,0.93304,0.92383,0.02506,0.89255
Rage,0.87701,0.97954,0.05018,0.98446
Rage,0.92806,0.93209,0.01177,0.97309
Rage,0.97929,0.9984,0.02025,0.98871
Rage,0.96059,0.97488,0.05282,0.94806
Rage,0.98615,0.9712,0.00721,0.91278
Rage,0.98939,0.84581,0.00636,0.82453
Rage,0.9757,0.89718,0.04984,0.70999
Rage,0.97198,0.89994,0.00305,0.75455
Rage,0.99632,0.8877,0.03302,0.7993
Rage,0.87753,0.90624,0.02463,0.93106
Rage,0.97136,0.92849,0.11353,0.98881
Rage,0.93442,0.75107,0.10381,0.92067
Rage,0.91228,0.87436,0.00516,0.94896
Rage,0.88069,0.88291,0.05228,0.85518
Rage,0.96113,0.98608,0.03106,0.98395
Rage,0.9945,0.93868,0.01034,0.83376
Rage,0.94552,0.98236,0.05281,0.91159
Rage,0.82884,0.955,0.02121,0.98671
Rage,0.90348,0.93928,0.0036,0.90184
Rage,0.92603,0.9833,0.00739,0.92465
Rage,0.8137,0.97524,0.07042,0.79543
Rage,0.99344,0.90697,0.05342,0.92281
Rage,0.92785,0.89026,0.02975,0.88775
Rage,0.94593,0.86717,0.0052,0.8027
Rage,0.92011,0.98325,0.10241,0.78079
Rage,0.83242,0.81951,0.0327,0.9515
Rage,0.89302,0.93531,0.00767,0.91014
Rage,0.98507,0.99562,0.08074,0.95763
Rage,0.91493,0.92336,0.05775,0.81308
Rage,0.99108,0.92929,0.04906,0.92834
Rage,0.93266,0.96765,0.08039,0.96365
Rage,0.96718,0.88824,0.03934,0.88354
Rage,0.95188,0.96065,0.00071,0.94944
Rage,0.8535,0.88221,0.01469,0.96238
Rage,0.89557,0.79615,0.02722,0.83016
Rage,0.92394,0.91873,0.06486,0.73541
Rage,0.87218,0.83046,0.01421,0.86546
Rage,0.9645,0.96035,0.00491,0.97791
Rage,0.94987,0.95763,0.01037,0.93545
Rage,0.94262,0.83834,0.04038,0.92975
Rage,0.99296,0.99388,0.01966,0.8483
Rage,0.96876,0.97302,0.02686,0.99089
Rage,0.9589,0.94602,0.04589,0.98243
Rage,0.93469,0.9086,0.05167,0.96852
Rage,0.90735,0.83406,0.02832,0.86682
Rage,0.98224,0.99398,0.01293,0.99547
Rage,0.9812,0.87667,0.05594,0.90128
Rage,0.82669,0.99846,0.02315,0.86918
Rage,0.9713,0.97493,0.00091,0.91601
Rage,0.86269,0.84483,0.01621,0.80563
Rage,0.69796,0.95331,0.01942,0.99091
Rage,0.95034,0.93237,0.07447,0.91544
Rage,0.71345,0.7822,0.09662,0.77421
Rage,0.99559,0.88862,0.01657,0.96577
Rage,0.99484,0.906,0.00417,0.99098
Rage,0.84921,0.98367,0.00706,0.94502
Rage,0.91707,0.96873,0.03086,0.93695
Rage,0.94284,0.92329,0.01242,0.97168
Rage,0.96421,0.87567,0.04436,0.98595
Rage,0.96229,0.98335,0.0053,0.98161
Rage,0.99484,0.81057,0.0456,0.90447
Rage,0.92034,0.80772,0.09797,0.96562
Rage,0.83759,0.89726,0.01517,0.82782
Rage,0.86806,0.93083,0.05559,0.78191
Rage,0.97029,0.99134,0.0256,0.96403
Rage,0.92623,0.94492,0.07996,0.94134
Rage,0.93582,0.99477,0.03727,0.92962
Rage,0.9467,0.89595,0.01143,0.89838
Rage,0.79495,0.86001,0.0211,0.91787
Rage,0.96764,0.96562,0.02638,0.98956
Rage,0.8623,0.88623,0.00397,0.96597
Rage,0.95542,0.94196,0.03668,0.98458
Rage,0.93469,0.96431,0.00957,0.87314
Rage,0.93537,0.9586,0.00483,0.84031
Rage,0.94181,0.98444,0.00841,0.83252
Rage,0.99468,0.86472,0.00956,0.99261
Rage,0.93946,0.95524,0.07324,0.90465
Rage,0.94132,0.97493,0.01307,0.99234
Rage,0.93909,0.9963,0.02888,0.94906
Rage,0.92727,0.84339,0.04924,0.97525
Rage,0.96283,0.90794,0.034,0.95535
Rage,0.88986,0.91694,0.06315,0.96447
Rage,0.98787,0.79108,0.0641,0.85292
Rage,0.99088,0.987,0.02473,0.88326
Rage,0.92722,0.99405,0.09896,0.98743
Rage,0.97458,0.98184,0.0041,0.90198
Rage,0.83311,0.92535,0.01808,0.91539
Rage,0.8781,0.95478,0.01255,0.97258
Rage,0.94631,0.98188,0.00463,0.98426
Rage,0.78338,0.95081,0.03391,0.96145
Rage,0.95546,0.97344,0.04494,0.9958
Rage,0.98855,0.87763,0.01457,0.92051
Rage,0.9962,0.92981,0.00275,0.82457
Rage,0.92788,0.96313,0.01514,0.96521
Rage,0.95143,0.87295,0.09452,0.9802
Rage,0.85916,0.98412,0.07984,0.93766
Rage,0.86067,0.84515,0.02721,0.92195
Rage,0.77893,0.98514,0.00181,0.83236
Rage,0.88279,0.95947,0.00797,0.92187
Rage,0.99983,0.91779,0.01826,0.88092
Rage,0.94484,0.74687,0.09656,0.91001
Rage,0.95125,0.69793,0.04554,0.84921
Rage,0.95882,0.97925,0.07823,0.83293
Rage,0.99464,0.96775,0.07173,0.81787
Rage,0.87088,0.86663,0.01518,0.84937
Rage,0.91084,0.90208,0.03822,0.77698
Rage,0.78839,0.98976,0.0484,0.95613
Rage,0.98961,0.94552,0.01142,0.96564
Rage,0.91435,0.95551,0.0042,0.95785
Rage,0.92724,0.9799,0.0261,0.93621
Rage,0.97378,0.98752,0.02095,0.98094
Rage,0.98932,0.93112,0.06731,0.97783
Rage,0.67998,0.80771,0.07614,0.94581
Rage,0.99781,0.97654,0.11525,0.95323
Rage,0.97719,0.99746,0.02861,0.87793
Rage,0.93341,0.8161,0.01102,0.84991
Rage,0.96665,0.95221,0.05404,0.94068
Rage,0.92715,0.83621,0.02643,0.95361
Rage,0.8624,0.96382,0.08646,0.98656
Rage,0.96858,0.87624,0.04263,0.96424
Rage,0.87607,0.87238,0.04281,0.89786
Rage,0.96643,0.90853,0.10017,0.8604
Rage,0.97352,0.89932,0.01666,0.91202
Rage,0.96871,0.91795,0.01081,0.86985
Rage,0.86985,0.99729,0.03757,0.97764
Rage,0.88781,0.94837,0.04338,0.99888
Rage,0.85993,0.78797,0.02065,0.91459
Rage,0.86871,0.93762,0.03446,0.9095
Rage,0.85317,0.8926,0.04934,0.93461
Rage,0.80364,0.89783,0.23038,0.99021
Rage,0.96512,0.81772,0.05501,0.97329
Rage,0.80821,0.95926,0.06843,0.90254
Rage,0.75787,0.88983,0.06962,0.90267
Rage,0.8527,0.913,0.01645,0.9067
Rage,0.99887,0.89,0.02129,0.92152
Rage,0.82038,0.94733,0.01214,0.96976
Rage,0.96432,0.85766,0.06004,0.88975
Rage,0.88144,0.9377,0.00917,0.90015
Rage,0.94141,0.92451,0.0206,0.85101
Rage,0.91001,0.93932,0.03107,0.99209
Rage,0.98482,0.96164,0.02214,0.96806
Rage,0.78712,0.96583,0.08928,0.98452
Rage,0.86218,0.99127,0.09525,0.8652
Rage,0.89135,0.98498,0.04249,0.99972
Rage,0.98954,0.83648,0.0076,0.86218
Rage,0.95259,0.92029,0.01899,0.95432
Rage,0.9939,0.87555,0.02281,0.78622
Rage,0.92675,0.98916,0.09343,0.93079
Rage,0.9217,0.77234,0.00919,0.85456
Rage,0.95546,0.90302,0.03554,0.87848
Rage,0.99332,0.90614,0.05922,0.92075
Rage,0.8567,0.99561,0.06747,0.96907
Rage,0.88607,0.89552,0.07795,0.96612
Rage,0.90094,0.9598,0.04356,0.86689
Rage,0.88126,0.9182,0.0517,0.89514
Rage,0.94901,0.83806,0.01127,0.94955
Rage,0.97645,0.78633,0.01996,0.96843
Rage,0.84784,0.88314,0.06015,0.93086
Rage,0.94923,0.94399,0.00652,0.93725
Rage,0.7782,0.90087,0.05553,0.97752
Rage,0.86969,0.98066,0.06824,0.99139
Rage,0.88537,0.92981,0.02955,0.9656
Rage,0.9745,0.96707,0.03926,0.87341
Rage,0.89303,0.90423,0.07949,0.94546
Rage,0.80827,0.85732,0.02205,0.91625
Rage,0.94183,0.93603,0.09737,0.96111
Rage,0.89831,0.96674,0.02261,0.92362
Rage,0.89426,0.92386,0.08237,0.94708
Rage,0.99953,0.8929,0.08661,0.75687
Rage,0.90661,0.96047,0.05638,0.93733
Rage,0.76894,0.93354,0.07342,0.8824
Rage,0.92916,0.95402,0.05842,0.96144
Rage,0.95212,0.99712,0.05185,0.91963
Rage,0.82606,0.99773,0.01971,0.99799
Rage,0.93767,0.98123,0.10784,0.93757
Rage,0.94892,0.91769,0.00927,0.95791
Rage,0.91165,0.84385,0.06322,0.83158
Rage,0.9686,0.91688,0.05087,0.79502
Rage,0.89678,0.95632,0.01363,0.88796
Rage,0.90993,0.7979,0.04855,0.98399
Rage,0.94236,0.81934,0.07264,0.93966
Rage,0.76974,0.86635,0.08037,0.86111
Rage,0.99793,0.86623,0.04141,0.99411
Rage,0.96706,0.86873,0.00606,0.8861
Rage,0.94124,0.99778,0.00591,0.8522
Rage,0.79685,0.82058,0.00564,0.93264
Rage,0.92024,0.89929,0.09772,0.98563
Rage,0.92663,0.85989,0.00033,0.97491
Rage,0.93996,0.95725,0.13298,0.9701
Rage,0.92246,0.9471,0.02081,0.90549
Rage,0.82799,0.90602,0.00016,0.92613
Rage,0.99955,0.8625,0.0435,0.99584
Rage,0.81678,0.98128,0.1209,0.95954
Rage,0.95164,0.95564,0.00091,0.94663
Rage,0.841,0.86495,0.00357,0.94526
Rage,0.88914,0.86947,0.00453,0.91157
Rage,0.96844,0.9234,0.0168,0.95259
Rage,0.87979,0.94327,0.07807,0.93457
Rage,0.92352,0.85771,0.01127,0.99017
Rage,0.89015,0.99883,0.00088,0.94701
Rage,0.85411,0.83651,0.05836,0.91028
Rage,0.97099,0.99267,0.10016,0.97577